,Top Story
0,Transparent taxation - The fight for a fair and transparent tax system
1,Culture - How the EU supports culture
2,European Parliament’s Sakharov Prize 2021 - Alexei Navalny
3,"Food and agriculture - Ensuring a safe, sustainable and secure food supply"
4,State of the European Union Debate 2021 - Addressing Europeans' concerns
5,"Digital transformation in the EU - Benefitting people, the economy and the environment"
6,LUX Audience Award 2021 - The best of European cinema
7,The future is in your hands - Conference on the Future of Europe
8,International Women’s Day 2021 - Women leading the fight against Covid-19
9,Vaccines against Covid-19 - Ensuring safe vaccines for EU citizens
